{"cameraMode":{"drawMode":0,"name":"Shaded","section":"Shading Mode"},"sceneLighting":false,"audioPlay":false,"sceneViewState":{"showFog":true,"showMaterialUpdate":false,"showSkybox":true,"showFlares":true,"showImageEffects":true,"showParticleSystems":true},"in2DMode":false,"pivot":{"x":211.5904083251953,"y":0.481514036655426,"z":157.2593994140625},"rotation":{"x":-0.09819011390209198,"y":0.8400151133537293,"z":-0.1622568666934967,"w":-0.5083366632461548},"size":4.24523401260376,"orthographic":false}