{"cameraMode":{"drawMode":0,"name":"Shaded","section":"Shading Mode"},"sceneLighting":true,"audioPlay":false,"sceneViewState":{"showFog":true,"showMaterialUpdate":false,"showSkybox":true,"showFlares":true,"showImageEffects":true,"showParticleSystems":true},"in2DMode":false,"pivot":{"x":6.065893650054932,"y":-3.6737937927246095,"z":-3.05472469329834},"rotation":{"x":0.009369091130793095,"y":0.9895424246788025,"z":-0.1223309189081192,"w":0.07584969699382782},"size":31.863828659057618,"orthographic":false}