{"cameraMode":{"drawMode":0,"name":"Shaded","section":"Shading Mode"},"sceneLighting":true,"audioPlay":false,"sceneViewState":{"showFog":true,"showMaterialUpdate":false,"showSkybox":true,"showFlares":true,"showImageEffects":true,"showParticleSystems":true},"in2DMode":false,"pivot":{"x":2.966797351837158,"y":-1.0136938095092774,"z":-3.89117431640625},"rotation":{"x":0.005715369246900082,"y":0.9923865795135498,"z":-0.11211635917425156,"w":0.0506572462618351},"size":37.878562927246097,"orthographic":false}