{"cameraMode":{"drawMode":0,"name":"Shaded","section":"Shading Mode"},"sceneLighting":false,"audioPlay":false,"sceneViewState":{"showFog":true,"showMaterialUpdate":false,"showSkybox":true,"showFlares":true,"showImageEffects":true,"showParticleSystems":true},"in2DMode":false,"pivot":{"x":-2.0309998989105226,"y":0.7260000705718994,"z":-7.269999980926514},"rotation":{"x":0.2813475728034973,"y":0.3296249806880951,"z":-0.10360030084848404,"w":0.8952417969703674},"size":4.327911376953125,"orthographic":false}